7256,67391,33,192,course,0
1008,70935,5,15,course,0
6057,75255,7,26,course,0
7703,67660,18,77,course,0
6424,76165,8,36,course,0
1598,66434,18,77,course,0
7271,77141,32,185,course,0
1601,76075,18,78,course,0
6791,75939,8,39,course,0
1604,67803,18,78,course,0
2800,75189,5,15,course,0
6819,308,8,39,course,0
1608,67415,18,79,course,0
7704,67660,28,159,course,0
1611,75982,18,78,course,0
4131,68155,25,136,course,0
1023,75513,5,15,course,0
1024,75588,5,15,course,0
1027,76188,5,15,course,0
1482,47,1,1,course,0
1778,71276,5,15,course,0
1030,76339,5,15,course,0
1031,76382,5,15,course,0
1051,77047,5,16,course,0
7299,76208,32,183,course,0
1816,75052,9,48,course,0
1620,75971,18,78,course,0
6512,268,7,30,course,0
1623,76833,18,79,course,0
1823,21,2,11,course,0
7312,70775,24,127,course,0
1825,23,2,11,course,0
1826,25,2,11,course,0
1135,76485,2,9,course,0
6526,56,8,39,course,0
1827,26,2,11,course,0
5848,184,7,30,course,0
1828,33,2,11,course,0
1829,34,2,11,course,0
1830,37,2,11,course,0
1831,66354,2,11,course,0
1832,71312,2,11,course,0
3613,76316,9,46,course,0
5881,75879,8,39,course,0
7313,70775,32,184,course,0
1629,76890,18,79,course,0
1834,76564,2,11,course,0
1836,76805,2,11,course,0
1632,76772,18,79,course,0
1837,77041,2,11,course,0
7398,71813,7,28,course,0
1838,77213,2,11,course,0
1839,77217,2,11,course,0
7399,75525,7,28,course,0
1840,77221,2,11,course,0
1841,77223,2,11,course,0
7400,75737,7,28,course,0
1842,77239,2,11,course,0
7401,75753,7,28,course,0
7403,76366,7,28,course,0
7404,76373,7,28,course,0
6624,75452,7,26,course,0
7405,76381,7,28,course,0
7406,76433,7,28,course,0
6035,74084,25,136,course,0
7407,76461,7,28,course,0
7408,76464,7,28,course,0
951,11,2,9,course,0
7409,76492,7,28,course,0
7410,76541,7,28,course,0
957,75967,2,9,course,0
958,75970,2,9,course,0
7411,76545,7,28,course,0
1660,67359,18,77,course,0
961,76094,2,9,course,0
962,76120,2,9,course,0
1663,75222,18,77,course,0
964,76170,2,9,course,0
965,76190,2,9,course,0
7412,76551,7,28,course,0
967,76235,2,9,course,0
968,76255,2,9,course,0
969,76292,2,9,course,0
7413,76553,7,28,course,0
1669,67403,18,77,course,0
1672,76265,18,78,course,0
7414,76570,7,28,course,0
7415,76607,7,28,course,0
985,9,2,10,course,0
987,15,2,10,course,0
989,20,2,10,course,0
7416,76611,7,28,course,0
991,76533,2,10,course,0
992,76539,2,10,course,0
7417,76626,7,28,course,0
7418,76627,7,28,course,0
995,76748,2,10,course,0
999,77074,2,10,course,0
1000,77080,2,10,course,0
1001,77092,2,10,course,0
1002,77103,2,10,course,0
1003,77105,2,10,course,0
1004,77106,2,10,course,0
7419,76630,7,28,course,0
7420,76638,7,28,course,0
7421,76640,7,28,course,0
7422,76671,7,28,course,0
7423,76675,7,28,course,0
7425,76718,7,28,course,0
7426,76722,7,28,course,0
1220,74236,5,15,course,0
1032,75218,5,16,course,0
1034,75801,5,16,course,0
7427,76730,7,28,course,0
7428,76731,7,28,course,0
1039,76860,5,16,course,0
1040,76871,5,16,course,0
1041,76885,5,16,course,0
1042,76908,5,16,course,0
1043,76979,5,16,course,0
7429,76734,7,28,course,0
7430,76749,7,28,course,0
7431,76753,7,28,course,0
7432,76754,7,28,course,0
7433,76775,7,28,course,0
7434,76782,7,28,course,0
7435,76793,7,28,course,0
7436,76795,7,28,course,0
7437,76805,7,28,course,0
7438,76807,7,28,course,0
1047,77116,5,16,course,0
1048,77131,5,16,course,0
1599,75182,18,77,course,0
1103,71355,2,8,course,0
7705,75995,28,156,course,0
2386,77083,5,16,course,0
6058,76327,7,30,course,0
1050,77151,5,16,course,0
1052,75129,5,15,course,0
1602,76142,18,78,course,0
7795,75250,24,127,course,0
7808,70002,28,155,course,0
6426,76638,8,37,course,0
1615,76025,18,78,course,0
1618,75946,18,78,course,0
1621,75027,18,78,course,0
7257,73132,28,155,course,0
1624,76347,18,79,course,0
1627,76804,18,79,course,0
7822,302,7,30,course,0
1630,76298,18,79,course,0
1134,66353,1,1,course,0
1488,49,2,8,course,0
1633,76843,18,79,course,0
2843,44,2,8,course,0
1658,75509,18,77,course,0
7832,507,7,31,course,0
1661,70472,18,77,course,0
1277,75677,9,45,course,0
7844,496,32,187,course,0
7857,505,7,31,course,0
1169,75473,5,15,course,0
6478,75737,8,39,course,0
6820,77079,5,17,course,0
1664,67023,18,77,course,0
5429,104,23,122,course,0
1667,67290,18,77,course,0
6821,77079,8,40,course,0
1670,75358,18,77,course,0
1673,76274,18,78,course,0
1675,76427,18,79,course,0
5431,126,23,122,course,0
5432,174,23,122,course,0
5433,217,23,122,course,0
5434,68377,23,122,course,0
977,67201,2,8,course,0
6527,162,8,39,course,0
980,75107,2,8,course,0
982,75318,2,8,course,0
5435,76541,23,122,course,0
7258,73132,33,192,course,0
5437,77088,23,122,course,0
5438,77257,23,122,course,0
7272,77250,32,185,course,0
7285,73857,32,187,course,0
1298,75648,9,45,course,0
7300,76228,32,183,course,0
5882,77109,25,139,course,0
1221,77084,5,16,course,0
5917,150,7,30,course,0
7439,76816,7,28,course,0
2484,75276,2,8,course,0
7440,76818,7,28,course,0
7441,76823,7,28,course,0
7442,76827,7,28,course,0
7443,76834,7,28,course,0
7444,76837,7,28,course,0
1317,76570,2,10,course,0
6044,76781,8,39,course,0
7445,76872,7,28,course,0
7446,76873,7,28,course,0
1322,75052,5,15,course,0
7447,76875,7,28,course,0
1325,76397,2,9,course,0
7448,76893,7,28,course,0
2964,10,2,8,course,0
1328,76611,1,4,course,0
7449,76900,7,28,course,0
7450,76906,7,28,course,0
7451,76913,7,28,course,0
1333,76626,9,47,course,0
7452,76916,7,28,course,0
7453,76917,7,28,course,0
5254,171,8,39,course,0
7454,76928,7,28,course,0
7455,76935,7,28,course,0
3555,72999,26,149,course,0
1597,75592,18,77,course,0
1600,67002,18,77,course,0
1603,76249,18,78,course,0
1606,76449,18,79,course,0
1776,66378,18,77,course,0
1484,48,5,15,course,0
5255,179,8,39,course,0
1489,75376,5,15,course,0
5256,182,8,39,course,0
5257,185,8,39,course,0
5259,195,8,39,course,0
5260,202,8,39,course,0
5261,203,8,39,course,0
5262,206,8,39,course,0
5263,208,8,39,course,0
5264,209,8,39,course,0
5266,230,8,39,course,0
5267,233,8,39,course,0
5268,236,8,39,course,0
5270,246,8,39,course,0
6059,76610,8,39,course,0
1358,77025,9,47,course,0
5372,66575,24,127,course,0
5722,225,8,39,course,0
6793,75936,8,39,course,0
6823,234,7,30,course,0
5723,225,7,30,course,0
7259,67903,33,192,course,0
1366,77061,9,47,course,0
7273,67606,32,185,course,0
1619,75949,18,78,course,0
7286,75554,32,182,course,0
1372,75661,5,15,course,0
7301,414,32,186,course,0
7706,75382,28,156,course,0
7319,67260,24,130,course,0
7796,66643,25,136,course,0
1622,76106,18,78,course,0
1625,76489,18,79,course,0
7797,66643,24,127,course,0
1631,75658,18,79,course,0
7809,75120,24,127,course,0
1637,66884,18,80,course,0
1638,75835,18,80,course,0
1639,76901,18,80,course,0
1640,77161,18,80,course,0
1641,77171,18,80,course,0
1659,69989,18,77,course,0
1662,75316,18,77,course,0
7321,75320,24,130,course,0
7322,77086,24,130,course,0
1668,75362,18,77,course,0
1671,67017,18,77,course,0
1674,67153,18,79,course,0
7823,492,32,186,course,0
7833,75933,7,31,course,0
7845,333,8,38,course,0
7323,77200,24,130,course,0
7858,511,7,31,course,0
7456,76939,7,28,course,0
2846,75974,9,46,course,0
5379,69993,24,127,course,0
7457,76956,7,28,course,0
6364,75901,8,39,course,0
6365,75901,7,30,course,0
5798,77160,8,39,course,0
6372,77178,8,39,course,0
6373,77178,7,30,course,0
7458,76963,7,28,course,0
7459,76972,7,28,course,0
5824,77028,8,39,course,0
7460,76982,7,28,course,0
7461,77025,7,28,course,0
5825,77028,7,30,course,0
7462,77049,7,28,course,0
7463,77053,7,28,course,0
7464,77060,7,28,course,0
7465,77061,7,28,course,0
5271,248,8,39,course,0
7466,77063,7,28,course,0
7467,77065,7,28,course,0
5850,76902,7,30,course,0
1435,76562,9,47,course,0
7468,77079,7,28,course,0
5273,267,8,39,course,0
7469,77122,7,28,course,0
5274,276,8,39,course,0
7470,77164,7,28,course,0
5386,75299,24,127,course,0
5440,67338,28,155,course,0
5442,69834,28,155,course,0
1817,77027,1,4,course,0
1844,28,5,17,course,0
1845,29,5,17,course,0
1846,30,5,17,course,0
1847,32,5,17,course,0
1848,35,5,17,course,0
1852,77082,5,17,course,0
1853,77196,5,17,course,0
1854,77198,5,17,course,0
1894,76053,2,9,course,0
5275,278,8,39,course,0
1901,75750,2,8,course,0
5276,285,8,39,course,0
1917,67552,18,78,course,0
5277,293,8,39,course,0
2775,76992,5,17,course,0
1777,76720,2,10,course,0
3556,75725,26,149,course,0
5280,67437,8,39,course,0
5281,67697,8,39,course,0
5282,74981,8,39,course,0
5283,75059,8,39,course,0
5284,75130,8,39,course,0
3557,77048,26,149,course,0
5285,75135,8,39,course,0
3558,77087,26,149,course,0
5286,75159,8,39,course,0
1869,12,2,10,course,0
5287,75189,8,39,course,0
1873,75106,18,77,course,0
3559,77139,26,149,course,0
5289,75249,8,39,course,0
5290,75276,8,39,course,0
5448,74150,28,155,course,0
5996,75454,7,30,course,0
7260,75965,32,183,course,0
6101,76647,8,39,course,0
5088,16,8,35,course,0
4689,255,28,159,course,0
4690,255,26,149,course,0
5089,44,8,35,course,0
5090,46,8,35,course,0
5091,67,8,35,course,0
2000,75168,2,9,course,0
5092,67267,8,35,course,0
5093,74073,8,35,course,0
5094,74223,8,35,course,0
5095,75004,8,35,course,0
5096,75078,8,35,course,0
3570,249,22,112,course,0
5097,75225,8,35,course,0
5098,75303,8,35,course,0
5452,69579,28,156,course,0
5099,75315,8,35,course,0
5100,75321,8,35,course,0
5101,75326,8,35,course,0
5102,75371,8,35,course,0
2389,76146,2,9,course,0
5103,75473,8,35,course,0
6794,1,8,40,course,0
5105,75584,8,35,course,0
7707,70885,24,131,course,0
5106,75648,8,35,course,0
5107,75677,8,35,course,0
5108,75739,8,35,course,0
5455,75708,28,156,course,0
5109,75764,8,35,course,0
7274,77220,33,194,course,0
6795,191,8,40,course,0
6514,61,9,48,course,0
5112,75909,8,35,course,0
5291,75341,8,39,course,0
7798,70578,28,155,course,0
5293,75373,8,39,course,0
5481,67422,28,157,course,0
6125,258,7,30,course,0
7799,70578,26,149,course,0
5294,75476,8,39,course,0
6516,61,8,38,course,0
5296,75718,8,39,course,0
6528,71558,7,26,course,0
5298,75750,8,39,course,0
5299,75782,8,39,course,0
6529,71558,8,36,course,0
6547,74864,28,155,course,0
2438,76403,2,9,course,0
6548,74864,26,146,course,0
5303,75849,8,39,course,0
6314,76516,25,137,course,0
2036,76117,7,34,course,0
6796,243,8,40,course,0
7287,70483,32,182,course,0
7302,75715,32,186,course,0
5308,75967,8,39,course,0
2041,76229,5,15,course,0
5309,75998,8,39,course,0
5310,76014,8,39,course,0
5311,76048,8,39,course,0
5312,76053,8,39,course,0
6797,319,8,40,course,0
5313,76166,8,39,course,0
7324,75563,33,193,course,0
5314,76177,8,39,course,0
5315,76229,8,39,course,0
6374,75784,2,11,course,0
5317,76289,8,39,course,0
5318,76351,8,39,course,0
5319,76475,8,39,course,0
5320,76500,8,39,course,0
5321,76501,8,39,course,0
5322,76527,8,39,course,0
2453,75341,5,15,course,0
2060,76254,5,15,course,0
2061,76254,9,46,course,0
2454,75341,9,45,course,0
6375,75784,7,26,course,0
5324,76542,8,39,course,0
7471,77167,7,28,course,0
7472,77172,7,28,course,0
7555,76477,32,184,course,0
5328,76622,8,39,course,0
5329,76632,8,39,course,0
7559,76269,28,158,course,0
7560,76269,32,184,course,0
5332,76685,8,39,course,0
5333,76729,8,39,course,0
6376,75784,8,39,course,0
5335,76740,8,39,course,0
5336,76745,8,39,course,0
5337,76775,8,39,course,0
2487,75731,5,16,course,0
5338,76803,8,39,course,0
5339,76811,8,39,course,0
5340,76859,8,39,course,0
5341,76865,8,39,course,0
2507,102,2,11,course,0
7810,75517,32,182,course,0
7811,75517,24,128,course,0
5344,76986,8,39,course,0
5345,76991,8,39,course,0
5346,76992,8,39,course,0
5347,77004,8,39,course,0
7566,73595,32,187,course,0
5349,77031,8,39,course,0
5350,77035,8,39,course,0
5351,77039,8,39,course,0
7824,137,7,29,course,0
2777,27,5,16,course,0
5353,77072,8,39,course,0
7834,508,32,188,short,0
2104,77248,2,11,course,0
5354,77117,8,39,course,0
2408,74962,5,15,course,0
5355,77148,8,39,course,0
5356,77149,8,39,course,0
5357,77150,8,39,course,0
7846,67258,32,182,course,0
5358,77152,8,39,course,0
5359,77176,8,39,course,0
7847,67258,24,129,course,0
7586,167,7,30,course,0
7589,119,8,40,short,0
7592,468,24,218,course,0
7623,308,22,113,course,0
7624,334,22,113,course,0
7625,354,22,113,course,0
7626,449,22,113,course,0
6710,67784,25,136,course,0
7261,75956,28,157,course,0
7262,75956,33,192,course,0
3571,66519,25,136,course,0
5389,68957,24,129,course,0
7275,77155,32,185,course,0
5115,75296,8,36,course,0
7303,75236,32,187,course,0
5117,75485,8,36,course,0
5118,75711,8,36,course,0
5119,75868,8,36,course,0
7325,76413,33,193,course,0
5121,75952,8,36,course,0
5122,75974,8,36,course,0
4149,253,26,149,course,0
5124,76136,8,36,course,0
5125,76145,8,36,course,0
5126,76146,8,36,course,0
2149,77128,2,10,course,0
6517,152,7,30,course,0
4160,75260,18,77,course,0
5391,76246,24,129,course,0
7473,10,7,29,course,0
5128,76187,8,36,course,0
5129,76300,8,36,course,0
5130,76316,8,36,course,0
5131,76394,8,36,course,0
5132,76408,8,36,course,0
5133,76461,8,36,course,0
5134,76465,8,36,course,0
5135,76504,8,36,course,0
5136,76538,8,36,course,0
5392,76364,24,129,course,0
2165,76818,9,47,course,0
5393,76832,24,129,course,0
5457,67120,28,157,course,0
7474,18,7,29,course,0
6126,245,7,30,course,0
7475,40,7,29,course,0
5461,74986,28,157,course,0
7476,45,7,29,course,0
5463,75922,28,157,course,0
7708,71152,2,9,course,0
5465,76779,28,157,course,0
7477,50,7,29,course,0
7478,52,7,29,course,0
5503,14,7,30,course,0
6315,76003,25,138,course,0
7479,61,7,29,course,0
7709,71152,5,15,course,0
6367,345,7,30,course,0
7480,70,7,29,course,0
5509,72,7,30,course,0
7481,71,7,29,course,0
5510,74,7,30,course,0
5511,75,7,30,course,0
5512,78,7,30,course,0
5513,80,7,30,course,0
5514,82,7,30,course,0
5515,84,7,30,course,0
5516,86,7,30,course,0
5517,93,7,30,course,0
5518,95,7,30,course,0
5519,101,7,30,course,0
5520,106,7,30,course,0
5521,107,7,30,course,0
5522,108,7,30,course,0
5523,115,7,30,course,0
5524,116,7,30,course,0
5525,124,7,30,course,0
5526,127,7,30,course,0
5527,128,7,30,course,0
6377,64,8,39,course,0
5528,129,7,30,course,0
5529,130,7,30,course,0
6378,64,7,30,course,0
5531,132,7,30,course,0
7482,73,7,29,course,0
5533,136,7,30,course,0
5534,138,7,30,course,0
5535,141,7,30,course,0
5536,143,7,30,course,0
5537,145,7,30,course,0
5538,147,7,30,course,0
5539,148,7,30,course,0
7483,76,7,29,course,0
5541,151,7,30,course,0
7484,77,7,29,course,0
5543,157,7,30,course,0
5544,158,7,30,course,0
5545,160,7,30,course,0
5546,163,7,30,course,0
7710,71152,24,131,course,0
5548,165,7,30,course,0
7485,79,7,29,course,0
7800,67859,28,155,course,0
5551,168,7,30,course,0
5552,169,7,30,course,0
5553,175,7,30,course,0
2278,72913,5,15,course,0
5554,176,7,30,course,0
5555,177,7,30,course,0
5556,180,7,30,course,0
2282,75952,2,10,course,0
5557,181,7,30,course,0
5558,183,7,30,course,0
7486,81,7,29,course,0
7487,85,7,29,course,0
2287,76048,2,9,course,0
7488,87,7,29,course,0
5562,190,7,30,course,0
5563,192,7,30,course,0
7801,67859,33,191,course,0
5565,197,7,30,course,0
5566,198,7,30,course,0
5567,199,7,30,course,0
5568,200,7,30,course,0
5569,201,7,30,course,0
7812,75185,18,77,course,0
5571,205,7,30,course,0
3562,75575,25,136,course,0
5573,209,7,30,course,0
5574,210,7,30,course,0
5575,211,7,30,course,0
5576,212,7,30,course,0
5577,214,7,30,course,0
5578,215,7,30,course,0
5579,216,7,30,course,0
5580,218,7,30,course,0
5581,220,7,30,course,0
5582,221,7,30,course,0
5583,222,7,30,course,0
6626,125,7,30,course,0
6635,74062,32,182,course,0
7711,187,7,31,course,0
3587,14,2,8,course,0
7263,76881,32,182,course,0
7712,237,7,31,course,0
7713,291,7,31,course,0
4692,44,7,26,course,0
4693,90,7,26,course,0
4694,103,7,26,course,0
6798,327,8,40,course,0
4696,66948,7,26,course,0
4697,69539,7,26,course,0
5467,67394,28,158,course,0
5468,67721,28,158,course,0
5469,68463,28,158,course,0
7714,303,7,31,course,0
5471,77009,28,158,course,0
6799,334,8,40,course,0
4698,70810,7,26,course,0
6062,223,7,30,course,0
7715,304,7,31,course,0
7716,305,7,31,course,0
2887,76744,2,11,course,0
5585,224,7,30,course,0
6800,347,8,40,course,0
6801,364,8,40,course,0
5587,232,7,30,course,0
7276,77132,32,185,course,0
6802,373,8,40,course,0
4700,73040,7,26,course,0
2343,75485,1,1,course,0
4701,74073,7,26,course,0
5589,240,7,30,course,0
5590,241,7,30,course,0
5591,242,7,30,course,0
4702,74223,7,26,course,0
6803,404,8,40,course,0
5593,247,7,30,course,0
4703,74981,7,26,course,0
4704,75004,7,26,course,0
5594,248,7,30,course,0
6804,406,8,40,course,0
4705,75007,7,26,course,0
6805,407,8,40,course,0
4706,75014,7,26,course,0
5595,250,7,30,course,0
6806,413,8,40,course,0
4707,75023,7,26,course,0
4708,75059,7,26,course,0
4709,75114,7,26,course,0
5597,260,7,30,course,0
6807,419,8,40,course,0
6808,75614,8,40,course,0
6809,76821,8,40,course,0
4710,75168,7,26,course,0
7717,314,7,31,course,0
5600,265,7,30,course,0
5601,266,7,30,course,0
5602,270,7,30,course,0
4711,75170,7,26,course,0
6810,76866,8,40,course,0
4713,75243,7,26,course,0
5603,273,7,30,course,0
5604,277,7,30,course,0
4714,75247,7,26,course,0
6811,76893,8,40,course,0
5605,281,7,30,course,0
7289,75545,32,182,course,0
5606,284,7,30,course,0
7718,315,7,31,course,0
7326,68134,32,184,course,0
2558,75626,5,15,course,0
4717,75270,7,26,course,0
5607,285,7,30,course,0
4718,75290,7,26,course,0
7489,88,7,29,course,0
4719,75293,7,26,course,0
7490,89,7,29,course,0
2569,77177,2,10,course,0
4720,75296,7,26,course,0
4721,75331,7,26,course,0
2572,70810,2,8,course,0
4722,75344,7,26,course,0
4723,75349,7,26,course,0
4724,75371,7,26,course,0
7491,92,7,29,course,0
4725,75379,7,26,course,0
7492,94,7,29,course,0
5609,288,7,30,course,0
5610,290,7,30,course,0
2587,75119,5,15,course,0
5611,295,7,30,course,0
7493,98,7,29,course,0
7494,99,7,29,course,0
5615,318,7,30,course,0
7495,100,7,29,course,0
5617,346,7,30,course,0
5618,67697,7,30,course,0
3563,74964,25,136,course,0
4726,75424,7,26,course,0
7496,102,7,29,course,0
5619,69460,7,30,course,0
7497,105,7,29,course,0
7498,113,7,29,course,0
7499,114,7,29,course,0
7500,117,7,29,course,0
4728,75449,7,26,course,0
2608,75479,5,15,course,0
5621,71169,7,30,course,0
3596,257,25,139,course,0
5622,74962,7,30,course,0
5623,75119,7,30,course,0
7501,118,7,29,course,0
7502,121,7,29,course,0
7503,122,7,29,course,0
7504,135,7,29,course,0
5626,75189,7,30,course,0
5627,75251,7,30,course,0
7719,320,7,31,course,0
7506,142,7,29,course,0
5628,75341,7,30,course,0
5629,75438,7,30,course,0
7507,146,7,29,course,0
2624,77150,5,16,course,0
5631,75456,7,30,course,0
7508,149,7,29,course,0
2630,76948,2,10,course,0
5632,75479,7,30,course,0
5633,75746,7,30,course,0
7509,154,7,29,course,0
7510,155,7,29,course,0
5635,76027,7,30,course,0
5636,76070,7,30,course,0
5840,75865,8,39,course,0
5729,75377,25,136,course,0
6063,75752,7,26,course,0
3599,77029,25,139,course,0
7720,322,7,31,course,0
6813,194,7,30,course,0
4730,75460,7,26,course,0
6117,75843,8,39,course,0
5171,67415,8,37,course,0
5172,75114,8,37,course,0
7721,323,7,31,course,0
6129,41,8,38,course,0
3600,77064,25,139,course,0
4151,259,25,139,course,0
6130,41,7,30,course,0
6162,76657,8,39,course,0
3602,77184,25,139,course,0
3603,77215,25,139,course,0
3604,77238,25,139,course,0
7722,325,7,31,course,0
5173,75641,8,37,course,0
5174,76204,8,37,course,0
5175,76497,8,37,course,0
4731,75461,7,26,course,0
3315,77139,2,10,course,0
5176,76518,8,37,course,0
5177,76562,8,37,course,0
5178,76566,8,37,course,0
4732,75476,7,26,course,0
5179,76570,8,37,course,0
4733,75485,7,26,course,0
4734,75512,7,26,course,0
7264,75864,32,183,course,0
5180,76596,8,37,course,0
5181,76611,8,37,course,0
5182,76626,8,37,course,0
7277,75836,32,185,course,0
5184,76717,8,37,course,0
6163,76657,7,30,course,0
5186,76721,8,37,course,0
4735,75518,7,26,course,0
5403,75205,24,131,course,0
5187,76797,8,37,course,0
5188,76818,8,37,course,0
5190,76837,8,37,course,0
2690,76859,5,16,course,0
5191,76887,8,37,course,0
4736,75528,7,26,course,0
5192,76930,8,37,course,0
5193,76954,8,37,course,0
7723,329,7,31,course,0
4739,75604,7,26,course,0
4740,75607,7,26,course,0
2706,71169,5,15,course,0
4741,75609,7,26,course,0
4742,75621,7,26,course,0
4743,75626,7,26,course,0
4744,75638,7,26,course,0
4745,75651,7,26,course,0
4746,75655,7,26,course,0
4747,75664,7,26,course,0
4748,75668,7,26,course,0
7327,66786,32,184,course,0
4749,75677,7,26,course,0
5404,75676,24,131,course,0
4750,75690,7,26,course,0
4751,75731,7,26,course,0
7511,156,7,29,course,0
4753,75739,7,26,course,0
2733,76685,5,16,course,0
2734,76685,9,47,course,0
7512,213,7,29,course,0
4755,75764,7,26,course,0
4756,75776,7,26,course,0
4757,75780,7,26,course,0
4758,75782,7,26,course,0
7513,236,7,29,course,0
7514,416,7,29,course,0
4761,75833,7,26,course,0
4762,75909,7,26,course,0
4763,75938,7,26,course,0
4764,76429,7,26,course,0
4765,76876,7,26,course,0
7724,330,7,31,course,0
7515,425,7,29,course,0
7725,331,7,31,course,0
7516,447,7,29,course,0
7726,332,7,31,course,0
7727,336,7,31,course,0
7517,69488,7,29,course,0
5473,76478,24,128,course,0
7518,70410,7,29,course,0
7519,71312,7,29,course,0
2790,75373,2,8,course,0
7728,338,7,31,course,0
7729,339,7,31,course,0
2810,75711,5,15,course,0
7730,342,7,31,course,0
7731,343,7,31,course,0
2838,76204,9,45,course,0
7732,352,7,31,course,0
7521,75273,7,29,course,0
7522,75363,7,29,course,0
7523,75824,7,29,course,0
7733,357,7,31,course,0
7734,358,7,31,course,0
7735,361,7,31,course,0
7736,362,7,31,course,0
7737,365,7,31,course,0
5800,17,2,10,course,0
5801,17,8,39,course,0
6518,76083,7,30,course,0
7738,366,7,31,course,0
7739,370,7,31,course,0
5827,75874,9,45,course,0
6532,75732,7,26,course,0
7524,75879,7,29,course,0
7740,375,7,31,course,0
7525,76187,7,29,course,0
7741,377,7,31,course,0
2985,75004,2,9,course,0
5639,76098,7,30,course,0
5640,76126,7,30,course,0
5641,76146,7,30,course,0
5642,76169,7,30,course,0
5643,76203,7,30,course,0
5644,76204,7,30,course,0
5645,76215,7,30,course,0
5646,76254,7,30,course,0
5647,76266,7,30,course,0
5649,76282,7,30,course,0
5650,76293,7,30,course,0
6064,123,7,26,course,0
7742,378,7,31,course,0
2998,77049,2,10,course,0
2999,77049,1,4,course,0
5194,76973,8,37,course,0
7743,381,7,31,course,0
3002,76632,9,47,course,0
7744,383,7,31,course,0
6164,228,7,30,course,0
7292,76608,32,184,course,0
7745,385,7,31,course,0
3007,76811,5,16,course,0
3008,76811,9,47,course,0
5195,76977,8,37,course,0
4118,71299,26,146,course,0
7306,75437,32,184,course,0
7328,16,7,27,course,0
3013,66,22,112,course,0
5730,68244,25,136,course,0
4119,71980,26,146,course,0
7746,386,7,31,course,0
4121,75605,26,146,course,0
7747,389,7,31,course,0
5651,76319,7,30,course,0
5196,77000,8,37,course,0
6519,76225,5,16,course,0
7748,391,7,31,course,0
5197,77025,8,37,course,0
7749,392,7,31,course,0
7750,393,7,31,course,0
5805,75203,8,39,course,0
4122,75728,26,146,course,0
5198,77027,8,37,course,0
5199,77049,8,37,course,0
7751,394,7,31,course,0
4123,75803,26,146,course,0
7330,72913,7,27,course,0
5828,75874,8,35,course,0
7331,75052,7,27,course,0
5200,77050,8,37,course,0
5201,77061,8,37,course,0
4124,75882,26,146,course,0
4125,75890,26,146,course,0
4126,76147,26,146,course,0
5202,77085,8,37,course,0
7332,75537,7,27,course,0
7333,75711,7,27,course,0
7334,75747,7,27,course,0
7335,75793,7,27,course,0
7336,75861,7,27,course,0
7337,75888,7,27,course,0
7338,75891,7,27,course,0
7339,75912,7,27,course,0
7752,395,7,31,course,0
7753,396,7,31,course,0
5919,75785,24,129,course,0
5204,77154,8,37,course,0
7340,75952,7,27,course,0
7341,75974,7,27,course,0
5653,76385,7,30,course,0
7342,75978,7,27,course,0
7343,75988,7,27,course,0
5654,76403,7,30,course,0
7344,75989,7,27,course,0
5655,76416,7,30,course,0
7345,75992,7,27,course,0
7346,75998,7,27,course,0
5657,76475,7,30,course,0
7754,398,7,31,course,0
7347,76042,7,27,course,0
7348,76048,7,27,course,0
7349,76053,7,27,course,0
7350,76100,7,27,course,0
7351,76129,7,27,course,0
7755,399,7,31,course,0
7756,400,7,31,course,0
7757,403,7,31,course,0
7758,407,7,31,course,0
7759,408,7,31,course,0
5658,76483,7,30,course,0
7760,410,7,31,course,0
6906,134,1,44,course,0
5660,76501,7,30,course,0
5661,76504,7,30,course,0
3644,269,26,148,course,0
3650,74152,25,137,course,0
3651,76359,25,137,course,0
5662,76529,7,30,course,0
3653,76434,25,137,course,0
6907,134,7,30,course,0
3656,76573,25,137,course,0
3657,76576,25,137,course,0
3658,76605,25,137,course,0
3659,76692,25,137,course,0
3660,76768,25,137,course,0
5665,76580,7,30,course,0
5666,76585,7,30,course,0
5667,76594,7,30,course,0
5668,76616,7,30,course,0
5669,76617,7,30,course,0
5670,76620,7,30,course,0
3675,75130,5,15,course,0
5673,76690,7,30,course,0
5674,76691,7,30,course,0
6926,76447,25,216,course,0
6935,76056,32,183,course,0
5676,76703,7,30,course,0
5677,76707,7,30,course,0
6038,76886,7,30,course,0
6047,77143,8,37,course,0
3398,66773,25,136,course,0
6048,77143,7,30,course,0
6946,66971,32,182,course,0
6959,69914,32,187,course,0
6964,75558,32,182,course,0
6970,75522,32,182,course,0
6975,75510,32,182,course,0
6987,189,7,30,course,0
7061,76719,8,37,course,0
7073,76419,7,30,course,0
7082,456,8,40,course,0
7092,74940,32,182,course,0
7093,74940,33,194,course,0
7097,67082,32,182,course,0
7101,75481,32,182,course,0
7106,75277,28,157,course,0
7107,75277,32,182,course,0
3399,66821,25,136,course,0
3400,66924,25,136,course,0
3401,66966,25,136,course,0
3402,67030,25,136,course,0
3403,67117,25,136,course,0
3404,67625,25,136,course,0
3405,67649,25,136,course,0
3406,67733,25,136,course,0
3408,69919,25,136,course,0
3409,70066,25,136,course,0
3410,70760,25,136,course,0
3411,73930,25,136,course,0
6065,75828,7,26,course,0
3413,74854,25,136,course,0
3415,74982,25,136,course,0
3416,75100,25,136,course,0
3417,75103,25,136,course,0
6066,75828,8,39,course,0
3419,75124,25,136,course,0
5205,36,8,38,course,0
3421,75151,25,136,course,0
3422,75154,25,136,course,0
3423,75201,25,136,course,0
6106,62,22,112,course,0
3425,75211,25,136,course,0
3426,75224,25,136,course,0
6107,62,8,38,course,0
6119,196,7,30,course,0
3430,75405,25,136,course,0
5206,37,8,38,course,0
3432,75428,25,136,course,0
3433,75507,25,136,course,0
3435,75606,25,136,course,0
3436,76478,25,136,course,0
3481,67090,26,145,course,0
7266,76656,32,184,course,0
7762,412,7,31,course,0
3485,75179,26,145,course,0
3486,75198,26,145,course,0
3487,75215,26,145,course,0
3488,75311,26,145,course,0
7763,422,7,31,course,0
3490,76447,26,145,course,0
7764,426,7,31,course,0
5829,75597,7,26,course,0
4153,75140,25,136,course,0
6469,76866,7,30,course,0
3531,72686,26,148,course,0
5207,38,8,38,course,0
5208,39,8,38,course,0
3546,77193,5,15,course,0
5209,40,8,38,course,0
7307,68153,32,182,course,0
7352,76131,7,27,course,0
7353,76143,7,27,course,0
7354,76159,7,27,course,0
7355,76160,7,27,course,0
5921,76380,26,147,course,0
5211,43,8,38,course,0
3692,262,25,139,course,0
7356,76165,7,27,course,0
7357,76182,7,27,course,0
3695,75263,25,136,course,0
7358,76186,7,27,course,0
7765,433,7,31,course,0
7766,434,7,31,course,0
6908,75590,7,26,course,0
6521,405,7,30,course,0
5214,96,8,38,course,0
7767,435,7,31,course,0
6554,67751,25,136,course,0
7768,438,7,31,course,0
6555,67751,24,127,course,0
7769,439,7,31,course,0
7770,440,7,31,course,0
3708,66624,25,138,course,0
3709,67323,25,138,course,0
3710,67447,25,138,course,0
3711,75048,25,138,course,0
3712,75724,25,138,course,0
3714,75792,25,138,course,0
3716,75878,25,138,course,0
3718,75910,25,138,course,0
3719,75919,25,138,course,0
3720,75973,25,138,course,0
3721,75991,25,138,course,0
3723,76040,25,138,course,0
3724,76054,25,138,course,0
3725,76060,25,138,course,0
3726,76062,25,138,course,0
3727,76091,25,138,course,0
3728,76112,25,138,course,0
3729,76139,25,138,course,0
3730,76246,25,138,course,0
6712,66638,25,136,course,0
3732,16,2,8,course,0
5215,118,8,38,course,0
5217,68255,8,38,course,0
5218,75604,8,38,course,0
5219,75626,8,38,course,0
3741,67260,18,78,course,0
6914,75232,7,26,course,0
6915,75232,8,36,course,0
5221,76641,8,38,course,0
5222,76784,8,38,course,0
6368,66994,26,147,course,0
5223,76795,8,38,course,0
6920,166,7,30,course,0
5225,77125,8,38,course,0
3750,76203,2,9,course,0
5226,77218,8,38,course,0
6422,75766,8,35,course,0
6936,76065,32,183,course,0
6039,75121,7,30,course,0
6049,76078,7,30,course,0
6942,299,7,30,course,0
6947,74963,32,182,course,0
6955,75537,8,35,course,0
6960,73935,33,191,course,0
6965,67304,32,182,course,0
6966,67304,24,127,course,0
6971,76870,32,185,course,0
6976,75565,32,182,course,0
6989,207,7,30,course,0
7075,76551,8,39,course,0
7087,379,25,139,course,0
7094,75199,33,191,course,0
7098,67210,32,182,course,0
7102,75602,32,182,course,0
7108,67777,32,182,course,0
7113,76872,8,39,course,0
5227,77230,8,38,course,0
7771,443,7,31,course,0
7267,70704,33,191,course,0
6108,369,7,30,course,0
7280,75404,32,186,course,0
7294,76332,32,186,course,0
7772,444,7,31,course,0
7359,76191,7,27,course,0
7773,446,7,31,course,0
7360,76201,7,27,course,0
7361,76217,7,27,course,0
6621,76581,8,39,course,0
7774,450,7,31,course,0
6630,45,8,39,course,0
7362,76220,7,27,course,0
7363,76229,7,27,course,0
7364,76245,7,27,course,0
6351,66538,25,136,course,0
6360,77056,8,39,course,0
6937,74559,32,184,course,0
7365,76251,7,27,course,0
7366,76283,7,27,course,0
5807,188,8,39,course,0
5808,188,7,30,course,0
7775,460,7,31,course,0
7776,464,7,31,course,0
5831,75891,8,36,course,0
5843,69839,28,157,course,0
7777,466,7,31,course,0
7778,491,7,31,course,0
6943,76702,7,30,course,0
6948,75139,28,155,course,0
6949,75139,33,191,course,0
6956,70106,33,191,course,0
6961,67999,32,182,course,0
6967,75335,32,182,course,0
7779,493,7,31,course,0
6977,75524,32,182,course,0
7780,495,7,31,course,0
7781,66752,7,31,course,0
7782,72557,7,31,course,0
7783,74808,7,31,course,0
7069,75115,25,136,course,0
7784,75315,7,31,course,0
7084,458,7,30,course,0
7095,75333,32,182,course,0
7099,74268,33,191,course,0
7785,75368,7,31,course,0
7114,58,8,39,course,0
6381,94,8,39,course,0
5992,75825,25,138,course,0
7786,75614,7,31,course,0
7115,58,7,30,course,0
6041,243,7,30,course,0
7787,75646,7,31,course,0
6051,76731,8,39,course,0
7788,75807,7,31,course,0
7789,76287,7,31,course,0
7802,69872,24,127,course,0
7813,75185,24,131,course,0
7825,506,7,31,course,0
7835,509,7,31,course,0
7848,59,25,140,course,0
7849,252,25,140,course,0
7850,256,25,140,course,0
7851,282,25,140,course,0
7852,75423,25,140,course,0
7859,512,7,31,course,0
5228,77247,8,38,course,0
7174,253,25,141,course,0
7175,261,25,141,course,0
7176,279,25,141,course,0
7177,280,25,141,course,0
7178,301,25,141,course,0
7179,307,25,141,course,0
7180,309,25,141,course,0
5678,76715,7,30,course,0
5679,76728,7,30,course,0
5680,76743,7,30,course,0
3892,76469,25,137,course,0
3893,75282,25,136,course,0
3894,76375,25,137,course,0
5681,76744,7,30,course,0
3896,75468,26,145,course,0
5682,76752,7,30,course,0
7181,310,25,141,course,0
5684,76790,7,30,course,0
5685,76802,7,30,course,0
3901,75456,5,15,course,0
5686,76811,7,30,course,0
5687,76824,7,30,course,0
5688,76856,7,30,course,0
7182,311,25,141,course,0
5690,76878,7,30,course,0
7183,312,25,141,course,0
7185,317,25,141,course,0
5695,76948,7,30,course,0
5696,76955,7,30,course,0
5697,76959,7,30,course,0
7186,321,25,141,course,0
5699,77006,7,30,course,0
7187,328,25,141,course,0
5701,77035,7,30,course,0
5703,77057,7,30,course,0
5704,77059,7,30,course,0
5705,77083,7,30,course,0
5706,77090,7,30,course,0
5707,77128,7,30,course,0
5709,77150,7,30,course,0
5710,77163,7,30,course,0
5712,77193,7,30,course,0
5713,77209,7,30,course,0
5714,77218,7,30,course,0
5715,77226,7,30,course,0
5716,77242,7,30,course,0
5717,77248,7,30,course,0
5718,77252,7,30,course,0
6068,297,7,30,course,0
7268,76024,32,183,course,0
7790,76511,28,159,course,0
7281,67474,32,186,course,0
6817,287,7,30,course,0
7803,75194,24,127,course,0
7814,70882,5,17,course,0
7815,70882,28,160,course,0
4155,75413,25,136,course,0
7816,70882,33,191,course,0
5792,76280,8,39,course,0
5793,76280,7,30,course,0
7826,411,8,40,course,0
7827,411,7,31,course,0
6904,445,7,30,course,0
5476,75207,25,136,course,0
5832,76537,8,39,course,0
5833,76537,7,30,course,0
7367,76289,7,27,course,0
5477,75207,24,127,course,0
6917,448,7,30,course,0
6923,76934,8,40,course,0
7368,76297,7,27,course,0
7369,76300,7,27,course,0
6924,76934,7,30,course,0
5878,75264,7,26,course,0
6930,74937,28,157,course,0
6487,76659,7,30,course,0
6931,74937,33,191,course,0
5923,68250,24,131,course,0
6938,76574,32,184,course,0
6042,75727,25,138,course,0
6524,76607,8,38,course,0
6950,68112,33,191,course,0
6957,76000,33,192,course,0
6962,70635,32,183,course,0
6968,75378,32,182,course,0
7370,76308,7,27,course,0
6978,75262,32,182,course,0
6984,204,7,30,course,0
7853,513,8,40,short,0
7371,76316,7,27,course,0
7860,341,7,31,course,0
6728,75338,25,136,course,0
7372,76346,7,27,course,0
7863,75497,32,182,course,0
7373,76349,7,27,course,0
7090,75137,7,30,course,0
7374,76358,7,27,course,0
7375,76390,7,27,course,0
7376,76398,7,27,course,0
7091,75137,32,182,course,0
7096,67484,32,182,course,0
7100,75060,32,182,course,0
7105,67335,32,182,course,0
7110,75245,32,182,course,0
7117,77060,8,38,course,0
7124,231,8,38,course,0
7129,314,8,40,course,0
7791,494,23,123,course,0
6070,75525,8,39,course,0
6111,344,25,139,course,0
7804,69923,18,77,course,0
6472,368,25,139,course,0
7805,69923,24,127,course,0
7269,75830,32,183,course,0
7817,504,23,123,course,0
5846,19,2,9,course,0
5847,19,7,30,course,0
5879,131,7,30,course,0
5915,77055,7,30,course,0
6202,75088,25,136,course,0
6911,76390,2,9,course,0
7838,76043,7,28,course,0
7310,76299,32,182,course,0
6925,76495,7,30,course,0
7377,76406,7,27,course,0
4166,75957,25,139,course,0
7378,76412,7,27,course,0
6488,76823,1,4,course,0
6353,18,2,9,course,0
7839,76043,8,36,course,0
7854,68028,8,40,course,0
7379,76421,7,27,course,0
7380,76428,7,27,course,0
7861,415,32,188,course,0
6490,76823,8,37,course,0
6945,68105,32,182,course,0
7864,70771,32,186,course,0
6511,75896,25,138,course,0
6525,76534,7,30,course,0
6958,420,32,187,course,0
6963,70439,32,182,course,0
6969,69789,33,191,course,0
6623,76983,7,30,course,0
7381,76452,7,27,course,0
7382,76453,7,27,course,0
5229,12,8,39,course,0
5230,14,8,39,course,0
5232,27,8,39,course,0
7383,76459,7,27,course,0
5234,51,8,39,course,0
5235,53,8,39,course,0
6715,76943,7,30,course,0
7384,76465,7,27,course,0
7385,76484,7,27,course,0
7386,76496,7,27,course,0
7387,76500,7,27,course,0
7388,76514,7,27,course,0
7071,446,8,40,course,0
7389,76527,7,27,course,0
7390,76540,7,27,course,0
7391,76555,7,27,course,0
7392,76789,7,27,course,0
7081,77032,28,160,course,0
7393,76803,7,27,course,0
5236,54,8,39,course,0
7394,76992,7,27,course,0
7395,77039,7,27,course,0
5239,63,8,39,course,0
7396,77137,7,27,course,0
5241,65,8,39,course,0
5242,68,8,39,course,0
5243,69,8,39,course,0
5244,90,8,39,course,0
5245,93,8,39,course,0
7526,76225,7,29,course,0
5247,95,8,39,course,0
5248,130,8,39,course,0
5249,140,8,39,course,0
5250,159,8,39,course,0
7527,76278,7,29,course,0
5252,168,8,39,course,0
5253,169,8,39,course,0
7528,76593,7,29,course,0
7529,76719,7,29,course,0
7530,76821,7,29,course,0
7531,76930,7,29,course,0
7532,77069,7,29,course,0
7533,77088,7,29,course,0
7534,77125,7,29,course,0
7535,77129,7,29,course,0
7536,77130,7,29,course,0
7537,77133,7,29,course,0
7538,77136,7,29,course,0
7539,77160,7,29,course,0
7540,77173,7,29,course,0
7541,77177,7,29,course,0
7542,77181,7,29,course,0
7543,77186,7,29,course,0
7544,77191,7,29,course,0
7545,77194,7,29,course,0
7546,77221,7,29,course,0
7547,77224,7,29,course,0
7548,77233,7,29,course,0
7549,77234,7,29,course,0
7550,77236,7,29,course,0
7551,77251,7,29,course,0
7552,77257,7,29,course,0
7556,76565,18,79,course,0
7557,76565,32,184,course,0
7561,76480,33,193,course,0
7564,76457,32,184,course,0
7582,75441,1,1,course,0
7583,75441,7,26,course,0
7584,75441,8,36,course,0
7593,372,39,262,course,0
7597,153,23,123,course,0
7598,189,23,123,course,0
7599,207,23,123,course,0
7600,218,23,123,course,0
7602,299,23,123,course,0
7603,336,23,123,course,0
7605,356,23,123,course,0
7606,397,23,123,course,0
7607,401,23,123,course,0
7608,427,23,123,course,0
7609,430,23,123,course,0
7610,436,23,123,course,0
7188,335,25,141,course,0
7189,348,25,141,course,0
7190,388,25,141,course,0
7191,409,25,141,course,0
7192,417,25,141,course,0
7193,421,25,141,course,0
7194,68015,25,141,course,0
7792,66652,28,160,course,0
7197,73985,25,141,course,0
7198,75181,25,141,course,0
7199,75468,25,141,course,0
7200,75562,25,141,course,0
7201,75785,25,141,course,0
7202,76333,25,141,course,0
7203,76437,25,141,course,0
7204,76490,25,141,course,0
7205,272,26,150,course,0
7206,275,26,150,course,0
7207,70889,26,150,course,0
7270,75821,32,187,course,0
7283,74040,32,186,course,0
7298,76202,32,183,course,0
7211,67159,32,182,course,0
7212,75283,32,182,course,0
7806,66537,24,127,course,0
7215,75320,18,77,course,0
7829,452,8,40,course,0
7217,75320,32,182,course,0
7218,70103,32,182,course,0
7219,75306,32,182,course,0
7220,70257,32,182,course,0
7221,70257,24,127,course,0
7222,428,28,160,course,0
7223,67043,28,155,course,0
7224,67043,33,191,course,0
7225,75239,32,182,course,0
7226,76612,32,184,course,0
7227,76696,32,184,course,0
7228,75302,32,182,course,0
7229,75308,32,182,course,0
7230,74928,18,77,course,0
7231,74928,32,186,course,0
7232,76560,33,194,course,0
7233,75696,32,183,course,0
7234,75770,32,183,course,0
7235,75765,32,183,course,0
7236,76189,32,183,course,0
7237,71190,32,183,course,0
7238,77012,32,185,course,0
7239,75778,32,183,course,0
7240,75763,33,192,course,0
7241,76383,32,184,course,0
7242,75786,33,192,course,0
7243,75777,32,183,course,0
7244,306,32,187,course,0
7245,69941,33,196,course,0
7246,75208,32,185,course,0
7247,75853,32,183,course,0
7248,75697,32,182,course,0
7249,75610,32,182,course,0
7250,75831,32,183,course,0
7251,75827,28,160,course,0
7252,75827,33,192,course,0
7255,75535,32,183,course,0
7311,75618,32,184,course,0
7397,76379,33,193,course,0
7553,76458,18,79,course,0
7554,76458,32,184,course,0
7558,76345,32,184,course,0
7562,76338,32,184,course,0
7565,76544,32,184,course,0
7840,69836,32,182,course,0
7841,69836,24,127,course,0
7855,76700,7,28,course,0
7862,298,8,40,course,0
7585,164,7,30,course,0
7588,467,24,218,course,0
7865,239,7,30,course,0
7594,139,7,29,course,0
7611,437,23,123,course,0
7612,449,23,123,course,0
7614,463,23,123,course,0
7615,465,23,123,course,0
7616,471,23,123,course,0
7617,75137,23,123,course,0
7618,75668,23,123,course,0
7619,75737,23,123,course,0
7620,76201,23,123,course,0
7621,76421,23,123,course,0
7622,76963,23,123,course,0
7628,75939,22,113,course,0
7629,76408,22,113,course,0
7631,68281,32,183,course,0
7632,481,32,187,course,0
7633,66700,32,182,course,0
7638,66650,24,131,course,0
7639,66650,32,182,course,0
7644,475,32,186,course,0
7645,477,32,187,course,0
7646,476,32,187,course,0
7647,473,32,187,course,0
7648,472,32,187,course,0
7649,489,32,187,course,0
7650,487,33,194,course,0
7651,485,32,185,course,0
7652,480,32,186,course,0
7653,483,32,185,course,0
7654,479,32,187,course,0
7655,478,32,187,course,0
7657,490,23,123,course,0
7660,264,23,123,course,0
7661,264,7,30,course,0
7663,451,32,188,course,0
7664,453,32,188,course,0
7671,69468,7,28,course,0
7672,69468,24,218,course,0
7673,76587,33,194,course,0
7675,75368,8,39,course,0
7677,486,32,188,course,0
7678,349,24,132,course,0
7679,387,24,132,course,0
7680,418,24,132,course,0
7681,455,24,132,course,0
7682,462,24,132,course,0
7683,70554,24,132,course,0
7684,75896,24,132,course,0
7685,500,23,123,course,0
7689,76910,8,39,course,0
7690,73021,7,29,course,0
7691,76178,7,29,course,0
7693,263,8,39,course,0
7694,263,7,30,course,0
7696,74929,28,155,course,0
7697,70538,28,155,course,0
7698,74615,28,155,course,0
7699,74615,26,145,course,0
7700,75675,28,156,course,0
7701,70579,28,155,course,0
7702,70579,26,145,course,0
7807,76931,28,157,course,0
7819,22,2,11,course,0
7820,22,8,39,course,0
7821,22,7,30,course,0
7830,110,8,40,course,0
7831,110,7,31,course,0
7856,316,25,141,course,0
